COUNTYFP10,OBJECTID,ALAND10,AWATER10,SHAPE_STAr,SHAPE_STLe,TZ_NUM,Shape_ST_1,Shape_ST_2,TAZnum,Shape_Leng,Shape_Area,water,openLand,indust,highR,forest,lowR,commer,edu,mediumR,urbanOL,sparseR,trans,agricul,num_points
003,192479,1074625809,447769364,16385376512.679981,8377221.908152999,117376,16385376512.679102,8377221.908151283,117376,8377221.908154244,16385376513.522871,4817,104,185,364,4146,1756,499,437,1488,251,542,164,1392,16145
005,863930,1549603537,216134609,19006233957.144638,10610138.940622348,295070,19006233957.143368,10610138.940622242,295070,10610138.940617241,19006233959.62343,2402,116,453,755,4845,2170,509,382,1743,394,1195,144,3747,18855
013,128502,1159264975,13189868,12620737128.879126,5059223.30214065,100584,12620737128.879349,5059223.30214118,100584,5059223.302138145,12620737133.096966,168,174,60,58,3027,1823,180,134,307,82,1044,8,5532,12597
025,64015,1132056682,231942729,14682439755.088936,6113096.07597561,177165,14682439755.088432,6113096.075974413,177165,6113096.075976378,14682439741.719257,2447,341,89,180,3709,1637,235,720,545,164,931,50,3546,14594
027,23881,649416397,6871681,7063800169.044503,4558209.066916389,217768,7063800169.044278,4558209.066921279,217768,4558209.066924268,7063800167.304049,43,70,216,210,1823,1245,171,147,705,128,585,106,1533,6982
035,3269,963236021,359449865,14236079940.972982,2497799.74274229,11886703,14236079940.972853,2497799.7427423997,11886703,2497799.74274237,14236079912.295454,3896,122,9,11,2659,479,59,59,173,60,381,32,6103,14043
510,614955,209644981,28768225,2566133326.5398355,3856764.065712601,54615,2566133326.539677,3856764.065701253,54615,3856764.065721281,2566133329.191284,301,26,374,621,158,24,175,225,406,155,0,82,0,2547
