x,y,z,id,code,section_id,name,status,terminal,length,section_offset,tags,reverse_section,terminal_node
469205.9762726176,143769.97524579277,0,13,13,2114,,OP,0,8,48.55329037962983,,0,0
480911.0252024083,153549.68317867094,0,17,17,2329,,OP,0,8,12.547779883377576,,0,0
459612.62313687475,147261.24840437766,0,18,18,5474,,OP,0,8,23.375718192681877,,0,0
472723.64139719674,146577.65973796695,0,19,19,2302,,OP,0,8,14.089741984093017,,0,0
458793.74995533,145637.80724532565,0,22,22,5769,,OP,0,8,17.014595856685943,,0,0
