id,mode,starttime,endtime,traveltime
1,Car,00:00:00,23:59:59,7.4854156020007414
2,Car,00:00:00,23:59:59,7.7891350257676386
3,Car,00:00:00,23:59:59,6.849868163735433
4,Car,00:00:00,23:59:59,63.948207179393208
