id,mode,starttime,endtime,traveltime,length
1,Car,00:00:00,23:59:59,5.8706234186368009,97.843801918925621
2,Car,00:00:00,23:59:59,4.8561597801491434,80.936061084616142
3,Car,00:00:00,23:59:59,6.849868163735433,114.16456072716609
4,Car,00:00:00,23:59:59,63.948207179393208,1065.8043056326494
